{"cameraMode":{"drawMode":0,"name":"Shaded","section":"Shading Mode"},"sceneLighting":true,"audioPlay":false,"sceneViewState":{"m_AlwaysRefresh":false,"showFog":true,"showSkybox":true,"showFlares":true,"showImageEffects":true,"showParticleSystems":true,"showVisualEffectGraphs":true,"m_FxEnabled":true},"in2DMode":false,"pivot":{"x":-0.03741168975830078,"y":0.10770606994628906,"z":-0.037410736083984378},"rotation":{"x":-0.08605402708053589,"y":0.9002178311347961,"z":-0.20775280892848969,"w":-0.3728824257850647},"size":9.12024974822998,"orthographic":false}